{
  "hash": "468f60b1",
  "configHash": "fc026ad3",
  "lockfileHash": "747a29e4",
  "browserHash": "0d25c12f",
  "optimized": {
    "@angular/common": {
      "src": "../../../../../../node_modules/@angular/common/fesm2022/common.mjs",
      "file": "@angular_common.js",
      "fileHash": "4a5aec2d",
      "needsInterop": false
    },
    "@angular/core": {
      "src": "../../../../../../node_modules/@angular/core/fesm2022/core.mjs",
      "file": "@angular_core.js",
      "fileHash": "d86e6ac7",
      "needsInterop": false
    },
    "@angular/platform-browser": {
      "src": "../../../../../../node_modules/@angular/platform-browser/fesm2022/platform-browser.mjs",
      "file": "@angular_platform-browser.js",
      "fileHash": "28da5d6d",
      "needsInterop": false
    },
    "@angular/router": {
      "src": "../../../../../../node_modules/@angular/router/fesm2022/router.mjs",
      "file": "@angular_router.js",
      "fileHash": "1d0995f6",
      "needsInterop": false
    }
  },
  "chunks": {
    "chunk-V6NZXEV7": {
      "file": "chunk-V6NZXEV7.js"
    },
    "chunk-JEHHBNLT": {
      "file": "chunk-JEHHBNLT.js"
    },
    "chunk-ZTK5XKYS": {
      "file": "chunk-ZTK5XKYS.js"
    }
  }
}