{
  "hash": "20734cc3",
  "configHash": "a59f0e27",
  "lockfileHash": "ceb0c979",
  "browserHash": "fac0f413",
  "optimized": {
    "@angular/common": {
      "src": "../../../../../../node_modules/@angular/common/fesm2022/common.mjs",
      "file": "@angular_common.js",
      "fileHash": "455b8958",
      "needsInterop": false
    },
    "@angular/core": {
      "src": "../../../../../../node_modules/@angular/core/fesm2022/core.mjs",
      "file": "@angular_core.js",
      "fileHash": "74694913",
      "needsInterop": false
    },
    "@angular/platform-browser": {
      "src": "../../../../../../node_modules/@angular/platform-browser/fesm2022/platform-browser.mjs",
      "file": "@angular_platform-browser.js",
      "fileHash": "aeb9eeb0",
      "needsInterop": false
    },
    "@angular/platform-server": {
      "src": "../../../../../../node_modules/@angular/platform-server/fesm2022/platform-server.mjs",
      "file": "@angular_platform-server.js",
      "fileHash": "bc580dcf",
      "needsInterop": false
    },
    "@angular/router": {
      "src": "../../../../../../node_modules/@angular/router/fesm2022/router.mjs",
      "file": "@angular_router.js",
      "fileHash": "e3d5ece2",
      "needsInterop": false
    },
    "@angular/ssr": {
      "src": "../../../../../../node_modules/@angular/ssr/fesm2022/ssr.mjs",
      "file": "@angular_ssr.js",
      "fileHash": "bbcc3a0f",
      "needsInterop": false
    },
    "@angular/ssr/node": {
      "src": "../../../../../../node_modules/@angular/ssr/fesm2022/node.mjs",
      "file": "@angular_ssr_node.js",
      "fileHash": "6eabccd7",
      "needsInterop": false
    },
    "@ngbracket/ngx-layout": {
      "src": "../../../../../../node_modules/@ngbracket/ngx-layout/fesm2022/ngbracket-ngx-layout.mjs",
      "file": "@ngbracket_ngx-layout.js",
      "fileHash": "cb1ecb61",
      "needsInterop": false
    },
    "@ngbracket/ngx-layout/flex": {
      "src": "../../../../../../node_modules/@ngbracket/ngx-layout/fesm2022/ngbracket-ngx-layout-flex.mjs",
      "file": "@ngbracket_ngx-layout_flex.js",
      "fileHash": "8dd02b1d",
      "needsInterop": false
    },
    "express": {
      "src": "../../../../../../node_modules/express/index.js",
      "file": "express.js",
      "fileHash": "b44c5792",
      "needsInterop": true
    }
  },
  "chunks": {
    "xhr2-TXIMV6CV": {
      "file": "xhr2-TXIMV6CV.js"
    },
    "chunk-6LNVUULY": {
      "file": "chunk-6LNVUULY.js"
    },
    "chunk-26C73ZMC": {
      "file": "chunk-26C73ZMC.js"
    },
    "chunk-FZMWTS62": {
      "file": "chunk-FZMWTS62.js"
    },
    "chunk-OHMV2EL6": {
      "file": "chunk-OHMV2EL6.js"
    },
    "chunk-NZEM6A6C": {
      "file": "chunk-NZEM6A6C.js"
    },
    "chunk-S2S4L4SW": {
      "file": "chunk-S2S4L4SW.js"
    },
    "chunk-5NWSY2SV": {
      "file": "chunk-5NWSY2SV.js"
    },
    "chunk-YHCV7DAQ": {
      "file": "chunk-YHCV7DAQ.js"
    }
  }
}