{
  "hash": "95e6be23",
  "configHash": "a8341177",
  "lockfileHash": "ceb0c979",
  "browserHash": "3523f118",
  "optimized": {
    "@angular/common": {
      "src": "../../../../../../node_modules/@angular/common/fesm2022/common.mjs",
      "file": "@angular_common.js",
      "fileHash": "b682013b",
      "needsInterop": false
    },
    "@angular/core": {
      "src": "../../../../../../node_modules/@angular/core/fesm2022/core.mjs",
      "file": "@angular_core.js",
      "fileHash": "ae8547a3",
      "needsInterop": false
    },
    "@angular/platform-browser": {
      "src": "../../../../../../node_modules/@angular/platform-browser/fesm2022/platform-browser.mjs",
      "file": "@angular_platform-browser.js",
      "fileHash": "125e453d",
      "needsInterop": false
    },
    "@angular/router": {
      "src": "../../../../../../node_modules/@angular/router/fesm2022/router.mjs",
      "file": "@angular_router.js",
      "fileHash": "172d13ca",
      "needsInterop": false
    },
    "@ngbracket/ngx-layout": {
      "src": "../../../../../../node_modules/@ngbracket/ngx-layout/fesm2022/ngbracket-ngx-layout.mjs",
      "file": "@ngbracket_ngx-layout.js",
      "fileHash": "bfd6302f",
      "needsInterop": false
    },
    "@ngbracket/ngx-layout/flex": {
      "src": "../../../../../../node_modules/@ngbracket/ngx-layout/fesm2022/ngbracket-ngx-layout-flex.mjs",
      "file": "@ngbracket_ngx-layout_flex.js",
      "fileHash": "0551c925",
      "needsInterop": false
    }
  },
  "chunks": {
    "chunk-HNOBZ3WG": {
      "file": "chunk-HNOBZ3WG.js"
    },
    "chunk-K7LILPV7": {
      "file": "chunk-K7LILPV7.js"
    },
    "chunk-FPUZRJCK": {
      "file": "chunk-FPUZRJCK.js"
    },
    "chunk-FSTVB3NQ": {
      "file": "chunk-FSTVB3NQ.js"
    }
  }
}